id,username,country
1,Sleepin_Dragon,
2,EyeDunno,
3,alexkolokotronis,
4,weswalker,
5,nowego,
6,gavin6942,
7,auuwws,
8,Coxer99,
9,baumer,
10,mocpacific,
11,Dar Star,
12,schnad,
13,0U,
14,hosodi-11867,
15,djhenebury-1,
16,DrJoTab,
17,andrewburgereviews,
18,gogoschka-1,
19,danielfeerst,
20,TheLittleSongbird,
21,planktonrules,
22,nathanmanson,
23,andalynne,
24,Leofwine_draca,
25,Trevizolga,
26,The-Other-Monkey,
27,sirwickmusic,
28,Patronus1,
29,zakcarroll-93753,
30,mm-39,
31,harrybhangu,
32,dseferaj,
33,Aegontheconqueror,
34,straightblaster,
35,filmquestint,
36,littlemartinarocena,
37,kosmasp,
38,krazycrukids,
39,r3i6nm8n2002,
40,johnnymacbest,
41,redbullrex,
42,baltazar07,
43,guerillagorilla,
44,skyusc,
45,umunir-36959,
46,DanB-4,
47,taimur74,
48,AgustinCesaratti,
49,ballen8,
50,jzappa,
51,Dragava,
52,mentalcritic,
53,son_of_cheese_messiah,
54,galileo3,
55,OriginalMovieBuff21,
56,nqwpwfq,
57,AlsExGal,
58,ChristopheriRuffin,
59,awesomesteinberg,
60,JoshtheGiant,
61,BA_Harrison,
62,Soysoy,
63,Andrew Devonshire,
64,Smells_Like_Cheese,
65,jomipira,
66,cjyork-03423,
67,Marwan-Bob,
68,gcanfield-29727,
69,lee_eisenberg,
70,venividiamavi-v,
71,jamiedphilips,
72,diffguy,
73,OttoVonB,
74,terrylarosa,
75,Derek237,
76,kiwikwi,
77,athgeo,
78,Hitchcoc,
79,EVON1TY,
80,eiratan,
81,SmashMe55,
82,evoid,
83,mrmocun,
84,ebiros2,
85,Fella_shibby,
86,crawdidd424,
87,Instant_Palmer,
88,arahansehrawat,
89,SnoopyStyle,
90,Nephertity,
91,Mike-139,
92,tornikesvanidze,
93,caelan_macdonald,
94,necrocris2000,
95,zaremskya-23761,
96,Nerdboy1423,
97,NRGWasp,
98,adamscastlevania2,
99,bonnie91,
100,mosquitobite,
101,Nachtritter,
102,david-meldrum,
103,Yrneh,
104,TheLastStop41,
105,dgallegos,
106,griffithxjohnson,
107,Slarkshark,
108,bzb2001,
109,kylopod,
110,bevo-13678,
111,SebMoz,
112,jaaanmerz,
113,hockeydog-75085,
114,wolvesrug,
115,connorveenstra,
116,jayrb-30977,
117,cooplander,
118,discoelephant64,
119,TheHoodOfSwords,
120,beratbutuc1,
121,Stefan_Loves_Movies,
122,Bologna King,
123,marcferrantejr,
124,Quinoa1984,
125,MadReviewer,
126,steven-f-freeman,
127,murtaza_mma,
128,spider89119,
129,Steffi_P,
130,vonjenk,
131,manicmeuk,
132,xterminal,
133,dr_foreman,
134,perica-43151,
135,Davor_Blazevic_1959,
136,A_Different_Drummer,
137,slayer-3,
138,franblazevic,
139,Loving_Silence,
140,rc_whittle,
141,Mithrindir,
142,justinrsko,
143,joe_unander,
144,stakes,
145,armo-1,
146,JohnLennon1985,
147,jasonmg99,
148,Xstal,
149,dcastor,
150,Kiddex,
151,lacey_joeskip7,
152,Zonieboy,
153,thomas-hardcastle-2,
154,sundrymules,
155,kenhe,
156,inspectors71,
157,Chookboy,
158,blairgallop7,
159,john in missouri,
160,richard-mason,
161,Lk1990,
162,shuklaprakhar,
163,johnnysilverhand-13047,
164,Pukeonthestreet,
165,trosati-98923,
166,grantss,
167,jack_hasanov,
168,sebastiandelgah,
169,buk-3,
170,Ruskington,
171,family9101,
172,richardjohndecker,
173,angryleprechaun,
174,MrPupkin,
175,dr. gonzo,
176,TheHassanHanif,
177,Didako1221,
178,srcooper-756-646671,
179,forzosky,
180,lhbaker-28783,
181,akdjreview,
182,ap_griffiths,
183,marcusdean118,
184,drakula2005,
185,howemonika,
186,technofunkie,
187,dvc5159,
188,saveliydalmatov,
189,UniqueParticle,
190,ivo-cobra8,
191,morfunkel,
192,Dagobah_Man,
193,Spleen,
194,Anonymous_Maxine,
195,ethanwissmann,
196,Ithaqua1987,
197,tylerkom,
198,TheMusicDewd22,
199,tunesplitter,
200,kevin_robbins,
201,up2u,
202,M_Niemeijer,
203,acedj,
204,suryanmukul,
205,xNecRosex,
206,mambubukid,
207,DARi0,
208,MinorityReporter,
209,Xophianic,
210,Manchui,
211,SamuraiYost,
212,notoriousCASK,
213,tom10_,
214,chiragrathod09,
215,TaylorYee94,
216,PreOre72,
217,whoisfishmooney,
218,mhasheider,
219,Bevan - #4,
220,thomashamps,
221,darwinlovesprice,
222,SmilingRon,
223,doolanfile,
224,nicktusk,
225,ravesch-83770,
226,Ksa-2010,
227,e-jackson1985,
228,Jared_Andrews,
229,the_danny,
230,Patterson13,
231,aheaven2005,
232,fontenlabrador,
233,gonzaloltovilla,
234,christopher-stiedl,
235,mysteryvoiceman,
236,pipoulefr,
237,evolvingh,
238,AhmadAlRubaie84,
239,craig-340-777546,
240,tardieu-felix,
241,mvider82,
242,pyrocitor,
243,Wuchakk,
244,TBJCSKCNRRQTreviews,
245,philip_vanderveken,
246,b1lskirnir,
247,Don-102,
248,Agent10,
249,mitch_e33,
250,PaulsMovieReviews,
251,Boba_Fett1138,
252,katarina-kristiansson,
253,deloudelouvain,
254,MovieFan983,
255,jfgibson73,
256,bkoganbing,
257,npvarley,
258,lristea,
259,orjanberg,
260,zalasami,
261,bobmcallan,
262,ginocox-206-336968,
263,marcelwerner,
264,eugenelifestyle,
265,joker-4,
266,nightringer-76840,
267,pugleon,
268,STEFANO-619,
269,marchuggard-78531,
270,StevenM-2914,
271,kelvinnewman-3,
272,JFHunt,
273,jon-larsen,
274,FlickJunkie-2,
275,brianlion,
276,PyrolyticCarbon,
277,msaz12,
278,Aidan McGuinness,
279,Irene212,
280,salemalissa,
281,Sunsphxsuns,
282,scotthardman-95012,
283,samraff-86689,
284,capnpopetastic-70515,
285,MaxBorg89,
286,rogersellie-08609,
287,ccthemovieman-1,
288,Vampyr-4,
289,jennifernolanphoto,
290,daoldiges,
291,bobshiruncle,
292,wellthatswhatithinkanyway,
293,sherwoodbandit-1977,
294,maeshamahmud,
295,keving4241,
296,j-a-julian,
297,bigmikeh-59467,
298,weiz_one,
299,lc-2,
300,adammfeeley,
301,janesbit1,
302,lee_a_scott,
303,Nazi_Fighter_David,
304,helpless_dancer,
305,AnimeChica,
306,wheatley-20230,
307,PureCinema,
308,SonOfaGunderson,
309,Platypuschow,
310,kaaffilm,
311,groatski,
312,simon_booth,
313,LJGull,
314,alhazmi90,
315,PragyaKirtiRao,
316,Giuseppe_Silecchia,
317,Gumbo-3,
318,colin_dunn-58845,
319,BushyBoy101,
320,ma-cortes,
321,MatrixFn,
322,KathyT,
323,epluribusunum2010,
324,oundjianm,
325,alan photog,
326,uniikki,
327,thinker1691,
328,klindon-38400,
329,jlacerra,
330,lalogia2020,
331,transylvanianfairy,
332,thomaseb,
333,schd5,
334,frankde-jong,
335,mswiktoriasosnowska,
336,snexy,
337,trelloskilos-1,
338,ragin_kagin,
339,panjshir_lion,
340,janicenichols-32565,
341,ElChivoDave,
342,sarahdelore,
343,jpisani-1,
344,chengjeffrey99,
345,moviesleuth2,
346,claudio_carvalho,
347,christokunz,
348,phoenix-ks,
349,Anijo,
350,kvonarx,
351,amira_berzi,
352,farkas419,
353,Serpico-7,
354,gaur-abhi,
355,gbheron,
356,JonB-2,
357,IkrmMrbsy,
358,schroeder-gustavo,
359,claudemercure,
360,RM851222,
361,SeminolePhenom,
362,vailsy,
363,red_core,
364,Sonatine97,
365,Calicodreamin,
366,jamesqt,
367,MovieAddict2016,
368,action-6,
369,TheTheatreKidFrom90s,
370,caseynicholson,
371,misse1977,
372,hannahsutcliffe,
373,ad-17,
374,spyder7,
375,davidstewart-70200,
376,andrejvasiljevic,
377,ciaranbalfe,
378,JudgeChaos,
379,Ian-7190,
380,kenbo-87360,
381,DMP-2,
382,JamesIan2021,
383,SmileysWorld,
384,SantiagoDM1,
385,FiendishDramaturgy,
386,davidsarah,
387,Sfpsycho415,
388,Bogmeister,
389,gregmovies,
390,Anthonyjkb,
391,tagerjd,
392,beefandbroccoli,
393,budmassey,
394,Laz75,
395,jay_amer,
396,owenmul,
397,paul_m_haakonsen,
398,thevacinstaller-03350,
399,Stenian,
400,redhawk-44571,
401,moviehorror,
402,doutorskreta,
403,rezapoc,
404,bugsycline,
405,lopresti-46927,
406,filmreviewradical,
407,dominoder,
408,XweAponX,
409,kritikoumaria,
410,kritikoumariaq,
411,sniperboss-15366,
412,tourist-89622,
413,cinemapersonified,
414,JaysMovieReviews,
415,BlancoS-7,
416,GabrielSerban,
417,oqbamog,
418,shanebuckland,
419,Balibari,
420,Nextwiggin,
421,supertom-3,
422,sailvane-1,
423,kellokchu,
424,Morejambo54,
425,rtsdynamite,
426,anirudhajith,
427,elpresidente-4,
428,Foxbarking,
429,ehy2k,
430,paul_mampilly,
431,Juggertrout,
432,jediknightcub,
433,thewubbelupagus,
434,orialon24,
435,hitchcockthelegend,
436,mahmus,
437,allicouldbe,
438,kbuttstadt,
439,cxw1065,
440,angelo-29,
441,marianstelian,
442,Russell_,
443,gregatory,
444,shoktart,
445,CherryBlossomBoy,
446,streamingmovienight,
447,Xanan,
448,FilmOtaku,
449,dtb,
450,jotix100,
451,ashcoounter,
452,baba44713,
453,9902439Claessens,
454,Shilo_R_A,
455,orangeisthenewawesome,
456,Close_The_Door,
457,csab-39797,
458,johnharapa,
459,and_mikkelsen,
460,KineticSeoul,
461,ftm68_99,
462,Jeremy_Urquhart,
463,jtindahouse,
464,nehpetstephen,
465,keezo9uno,
466,impeyrules-54634,
467,sandeepventrapragada98,
468,DJKwa,
469,dacorn-00765,
470,tmcapitals,
471,120watts,
472,aguilar-85009,
473,dougal79,
474,Haneenho,
475,wmjaeger,
476,natascha-zacharko,
477,The_Fifth_Echo,
478,Nogami,
479,Black Rainbow,
480,dee.reid,
481,bdod5489,
482,Dark0,
483,Teebs2,
484,dbborroughs,
485,The_Void,
486,Seraphion,
487,abmong,
488,darkreignn,
489,IonicBreezeMachine,
490,nERDbOX_Dave,
491,Steve_Ramsey,
492,drownsoda90,
493,Billy_Boy_,
494,Shawn_13,
495,dima-12,
496,j0hn22,
497,kveer-35388,
498,breanneaiken,
499,RecentlyCinematic,
500,daisukereds,
501,aronharde,
502,drahulrajjsd,
503,benjammin-17133,
504,claudonio,
505,gdswalia,
506,chadgeri,
507,David_l_s,
508,suicune_tudor,
509,deatman9,
510,movieguy1021,
511,C22Man,
512,nicholls_les,
513,miadarlingtxn,
514,robineve,
515,dipto31121978,
516,faraaj-1,
517,Galina_movie_fan,
518,noralee,
519,Duree,
520,lstrawser,
521,FRANK13,
522,jonsefcik,
523,Ninja_Sinai,
524,iwontread001,
525,dino_cattaneo,
526,auberus,
527,42ndStreetMemories,
528,SPZMaxinema,
529,thespeos,
530,jackgdemoss,
531,General_Turgidson,
532,renogade,
533,ghalibalfalasi,
534,Alwood,
535,pedofski-radar-cole,
536,tysonwilliams-52893,
537,Movie_Buff_Brad,
538,watchmovies247365,
539,SoncoChairman,
540,TheMovieDiorama,
541,Sergeant_Tibbs,
542,bbickley13-921-58664,
543,ferguson-6,
544,proud_luddite,
545,WalterSoprano,
546,emilyeinbinder,
547,jordyntsmith,
548,ClaytonDavis,
549,SpelingError,
550,xiaohei-80112,
551,vithiet,
552,NpMoviez,
553,Surecure,
554,iohefy-2,
555,DICK STEEL,
556,Faisala,
557,benm-41751,
558,Flagrant-Baronessa,
559,Julia-Dempster,
560,orko_dutta,
561,ElMaruecan82,
562,xiaoli7377,
563,behbehseta,
564,jmchnwth,
565,exa56,
566,lisa-13121,
567,bhester0806,
568,Ari-21,
569,ncvksxd,
570,Twinsen61,
571,ConkerBFD91,
572,Methos-7,
573,jcapelli,
574,Gjay2,
575,rustysettler,
576,Red-Barracuda,
577,saje_,
578,Sickfrog,
579,psiko,
580,cemoturanli,
581,petarmatic,
582,robelanator,
583,MiroslavKyuranov,
584,pugpool10,
585,rickothan,
586,sfarrow8,
587,Marian25,
588,nickr99,
589,rgpaeplrp,
590,penelopemmorris,
591,crystalthedovecry,
592,srdjankostic91,
593,Tired_Reviewer,
594,rgkarim,
595,matris1,
596,jimmystz,
597,heyrandom,
598,FeastMode,
599,Ratingzzz,
600,petraktheman,
601,*DATo*,
602,darkside2003,
603,rappy-68741,
604,michaelsjmurphy,
605,rdmcflyers-95247,
606,PIST-OFF,
607,boblipton,
608,paul2001sw-1,
609,Falko_h1,
610,caspian1978,
611,stevelivesey67,
612,preppy-3,
613,phaneendrakumar,
614,Atreyu_II,
615,evilmatt-3,
616,gleslie-53203,
617,namannavineet,
618,Jaymay,
619,Dockelektro,
620,kdryan,
621,gigan-92,
622,slokes,
623,lovemichaeljordan,
624,Silverzero,
625,RWiggum,
626,smatysia,
627,secondtake,
628,NewYorkJammer,
629,Questor,
630,moonspinner55,
631,BillZane,
632,bakor24-1,
633,bipbip2222,
634,vincent_spano,
635,n-buenning,
636,jo_steins,
637,temudjin82,
638,jvdesuit1,
639,schwoni,
640,jessie-39,
641,RoshanJG,
642,mau-zi,
643,Hellmant,
644,dii_rajneesh,
645,karlo_v,
646,TIDQ,
647,dbdumonteil,
648,illbebackreviews,
649,briancham1994,
650,Floated2,
651,Vishal_s_kumar,
652,dillylamar,
653,postolachivalentin,
654,nadavsaar,
655,manseetswaroop,
656,DonFishies,
657,filipemanuelneto,
658,masha_1512,
659,salbelmondo-570-512867,
660,pka-646-702201,
661,terrellrobinson71,
662,chinohillsjohn,
663,pooz_the_gun,
664,chrishn,
665,adrian-trent-442-142266,
666,a-alexander119,
667,boardertrash,
668,ContagiousLasagna,
669,deepfrieddodo,
670,hellholehorror,
671,aaronthomas1976,
672,davewalls,
673,Patuquitos,
674,shortround8391,
675,jazzest,
676,bLuR-7,
677,telegonus,
678,yocarlosvarelapr,
679,dxia,
680,christophe92300,
681,Bored_Dragon,
682,Coventry,
683,chaz-76862,
684,michaelRokeefe,
685,ronakkotian,
686,danielefanin-17409,
687,StevePulaski,
688,Horror-yo,
689,bkrauser-81-311064,
690,razwee,
691,evanston_dad,
692,lampic,
693,gmorgan2007,
694,Chris-268,
695,ackstasis,
696,digdigby,
697,IkuharaKunihiko,
698,ozgirl,
699,jameslinton-75252,
700,jeremygarlick,
701,chuck-hickl,
702,mattywoh,
703,bgkerfant-09664,
704,TheDragonTrader,
705,daxsir,
706,daniken,
707,jsmith-74661,
708,RubenMovies,
709,HotPot,
710,fnj-07126,
711,LinkinParkEnjoyer,
712,raphaklopper,
713,BailedOutHotDog,
714,johnnyboyz,
715,heisenberg12,
716,tomgoodman1,
717,Rokol,
718,lugonian,
719,the-fearless-america,
720,Incalculacable,
721,harry-76,
722,Lechuguilla,
723,mullins_333,
724,ArmandoManuelPereira,
725,MrskiViletic,
726,michadny,
727,GOPC,
728,jokeco68,
729,dk777,
730,Vartiainen,
731,Theo Robertson,
732,arturmachado-29588,
733,draney-600-338393,
734,squigemartin,
735,Cinema_Hound,
736,surfisfun,
737,jande9,
738,kenjha,
739,michael_the_nermal,
740,robert3750,
741,likeminded,
742,Sethtro,
743,DrWetter,
744,CA_movie_fan,
745,keenan-1,
746,jedi-jones,
747,ilikeimdb,
748,utkusu,
749,buiredintime,
750,michael11391,
751,melwinbauer,
752,darren_wall_2001,
753,ruffinelli_ro,
754,Old Joe,
755,adamp-6,
756,RobTheWatcher,
757,lasher42,
758,QuandaleDingleMan,
759,jbparker,
760,cjholland,
761,alexclover,
762,Movie-12,
763,noahk,
764,Dvir971,
765,Ellimof,
766,hopkinsamye,
767,HalBanksy,
768,ghent1,
769,StupendousVibesMan,
770,awessel-58117,
771,christianreedbrown-65145,
772,cmorris632,
773,cameronlaster,
774,maximumsid,
775,Chaosfn,
776,nickventura-98896,
777,userio_4211,
778,andreascaloni,
779,cartermain,
780,grztxks,
781,lalit28595,
782,Alex_Lo,
783,Abdulxoxo,
784,ated-33034,
785,Jesper2801,
786,himanshukumar-35677,
787,Filmdokter,
788,muhammad-66903,
789,imaxxing,
790,saraccan,
791,kjames-26542,
792,ssatvaya-16480,
793,fernandoschiavi,
794,belzebuebchen,
795,mthompson1450,
796,shanrock-33046,
797,snoozejonc,
798,xenophil,
799,ToldYaSo,
800,CuriosityKilledShawn,
801,masonsaul,
802,patboldt,
803,r96sk,
804,donaldsonramsay,
805,Cloudmeister,
806,boblovinger,
807,wisewebwoman,
808,drgyn2000,
809,hareck,
810,nick-6,
811,anastasia_smile,
812,gurkpeter,
813,ronsig,
814,Hprog,
815,jesse3,
816,moimoichan6,
817,aiggpm,
818,matthewssilverhammer,
819,vincenttciccarello,
820,eaglescout910,
821,soulsplosion,
822,thinslicing,
823,Cizzurp215,
824,cafesmitty,
825,vancewinstead,
826,idanporat,
827,forthetollferry,
828,darthakam,
829,dfisher-85281,
830,eashanvad,
831,educallejero,
832,lordofawesomeness-10385,
833,jcast-50357,
834,dragon3611,
835,benribble,
836,grabeeleverett,
837,belikemichaeldotcom,
838,queenruejean,
839,lbournelos,
840,Jonny_Numb,
841,barnesgene,
842,Sara_Golfarbs_fate,
843,snow0r,
844,Boyo-2,
845,bsinc,
846,hall895,
847,willandthomas-picturehou,
848,Anansi00,
849,HotToastyRag,
850,August1991,
851,emdragon,
852,TheFearmakers,
853,WriterDave,
854,bmaclach,
855,Snake-666,
856,TheAnimalMother,
857,Prismark10,
858,cfnas,
859,M-LN,
860,yancyscott1,
861,Counterparts42,
862,FlickJunkie,
863,azemillancy,
864,b_kite,
865,BenjaminPopkin,
866,portraitofaladyonfire,
867,neil-476,
868,moviesfilmsreviewsinc,
869,mattlx,
870,jordondave-28085,
871,tatjanabollen,
872,Chromium_5,
873,alekxandarevlogiev,
874,elliotjeory,
875,Chiller7,
876,barrysheene,
877,muzikla,
878,adamonIMDb,
879,Cineleyenda,
880,tera1724,
881,stamper,
882,PaulSquall,
883,Platymania,
884,AttilaD87,
885,The_Movie_Cat,
886,mossgrymk,
887,mysteryegg,
888,ruelshepperd,
889,tkarlmann,
890,laurabethc1,
891,paulmuehlendahl,
892,terrygiu2000,
893,patrickcleere,
894,Nexelium,
895,laurylou-1,
896,abelardo64,
897,motta80-2,
898,produpp,
899,sol-,
900,uhmartinez-phd,
901,leodipaolis,
902,qnpjvscnw,
903,maximocarlosledesma,
904,jimfly_2003,
905,carflo,
906,BrandtSponseller,
907,Pluto-3,
908,kustom135,
909,LnineB,
910,Muszka,
911,subarctic,
912,WoBiE1,
913,sqeaston9,
914,Harlekwin_UK,
915,one9eighty,
916,rohit-81569,
917,PKV07,
918,saviotr,
919,gauravsaha-32641,
920,Kmanav,
921,movie_goer82,
922,Kornephoros,
923,danielsasso-29026,
924,narayan-aiming,
925,feritciva,
926,jainsiddhant-01798,
927,gunjans,
928,akshayweb-96210,
929,clrajputchauhan,
930,shaktirajsingh-29730,
931,Gajendra_mahar,
932,kirk781,
933,nayak-gyanu,
934,yashchandrawanshi,
935,yashhraaj,
936,mishrashivanshu-86858,
937,mukeshc-50408,
938,reelreviewsandrecommendations,
939,marstokyo,
940,jemmytee,
941,kmscb-1,
942,dorlago,
943,ross_d,
944,theorbys,
945,pete-283,
946,FiftyTwo_52,
947,aerozot,
948,SoumikBanerjee1996,
949,bahae19,
950,cgvsluis,
951,aminreza-g,
952,JayWolfgramm,
953,vert2712,
954,ritchiep-56574,
955,davyjones-636363,
956,eandros-77451,
957,dhiraj-yahoo,
958,miniminnie-23063,
959,larshoeijmans,
960,ahmetkozan,
961,ben6464,
962,stevealfieholmes,
963,rjcattermole,
964,monks_89,
965,jaacy-84600,
966,CriticalThinking2,
967,PaceOfChange,
968,Mardolin,
969,Pjtaylor-96-138044,
970,Stephen-12,
971,gufando,
972,rondine,
973,socrates4,
974,esbenpost,
975,clacura,
976,Gath,
977,dickyslcc,
978,Geeky Randy,
979,CaptKeshav,
980,Joaquin_Collete,
981,amrndr_,
982,GregoryPryor,
983,Christopher_Reid,
984,citizen_8,
985,tayuf,
986,Vuraxis,
987,namashi_1,
988,mryohual,
989,jon-stokes21-539-17875,
990,h-42927-48851,
991,pramsalim,
992,Charliedog2015,
993,Semisonic,
994,jose_apou,
995,frankjones-84156,
996,ilias-zournatzis,
997,andreachaparra,
998,jp_91,
999,fjhuerta-2,
1000,mattdamonlover69,
1001,mjp0117-26-143834,
1002,mrlore473,
1003,sparksjack,
1004,miknnik,
1005,JamesHitchcock,
1006,mario_filipe,
1007,richcarter150,
1008,handelian-77847,
1009,johndoherty,
1010,cgtam,
1011,bandw,
1012,dunmore_ego,
1013,huntersmommy-43482,
1014,Itcomesatnight88,
1015,saraarts,
1016,moopie,
1017,jbbianchino,
1018,yannickd,
1019,itsnemra,
1020,DoubleCshinobi,
1021,imoosachi,
1022,robiu013,
1023,SpoilerAlertReviews,
1024,kevinxip,
1025,malcydon,
1026,pekiworgen,
1027,yuschaa,
1028,boclani,
1029,patrickbuiter,
1030,staceylight,
1031,dernst2023,
1032,edmarshallimdb,
1033,rr30re05,
1034,Essex_Rider,
1035,shmuey barak,
1036,susy-7,
1037,keithhallam,
1038,Mike_Wiggins,
1039,JonDavidCampbell,
1040,Jamesb_2,
1041,Angry_Arguer,
1042,jamiehardy,
1043,st_soulboy,
1044,bigkeeko,
1045,tammolotz,
1046,everyones-a-critic,
1047,ClassicRockFan1,
1048,neilpollock,
1049,Lejink,
1050,brentcollyer,
1051,rutan07,
1052,damianphelps,
1053,high_voltage_41,
1054,GoonerMan,
1055,raidbers,
1056,zwei,
1057,jcrap,
1058,freethinkingworld,
1059,Jakethemuss,
1060,r-fronimides,
1061,chris.murray3,
1062,beardyfriesen,
1063,dorMancyx,
1064,TanjBennett,
1065,alvaradj,
1066,misty6767,
1067,zetes,
1068,seamas,
1069,belis_kikyo,
1070,HeyMrPiccolo,
1071,Jeremy-93,
1072,aprisoneroftoday,
1073,morphion2,
1074,danbranan,
1075,Drow_Woods,
1076,baumhenrik,
1077,Genevieve_X,
1078,sqreader,
1079,bur_007,
1080,LeBaturalp,
1081,johnny-08,
1082,max8791,
1083,tetsuoisleet,
1084,Thomas_Neville_Servo,
1085,LeroyBrown-2,
1086,lucas739,
1087,maciusp,
1088,ryuakamrvengeance,
1089,gdmvy,
1090,asrafalli,
1091,backnblack-06123,
1092,jacktalking,
1093,bertrambuchert,
1094,francozeff,
1095,GonzoHans,
1096,WriConsult,
1097,cartesianthought,
1098,archyon,
1099,jimbo-53-186511,
1100,justusmcqueen,
1101,RufusT,
1102,IamTaylor04,
1103,josephrygaard,
1104,donutpizza,
1105,pawanpunjabithewriter,
1106,naman-avastol,
1107,lanacastillo49,
1108,alexcole10,
1109,r-smith-92,
1110,joseelfabuloso45,
1111,cherold,
1112,ankityadav,
1113,vivee003,
1114,MOscarbradley,
1115,sumanbarthakursmailbox,
1116,bharatk_78,
1117,mattatthemovies,
1118,RueMorgue,
1119,SD-4,
1120,ryan_lynch,
1121,reesew18,
1122,andrew7,
1123,Philip_Pugh,
1124,The Woof,
1125,bootsy-4,
1126,USFbobFL,
1127,filmbuff-05706,
1128,elliesouthcombe,
1129,karamcaline,
1130,Zi_Reviews_Movies,
1131,ibrahim-elzein1985,
1132,jackjackjackjack-69282,
1133,salahdeanmoussalli,
1134,Bertaut,
1135,ffym,
1136,wisDOM87,
1137,tedicaprio,
1138,lea-bou7,
1139,veronicaczastkiewicz,
1140,georges-nahas,
1141,rtoha,
1142,Sober-Friend,
1143,primodanielelori,
1144,silverscreen888,
1145,dexter-3,
1146,vincent-27,
1147,cinemel,
1148,ecjones1951,
1149,thetallycliftons,
1150,john-ruffle,
1151,35capade,
1152,miss_lady_ice-853-608700,
1153,Ryuji-2,
1154,JaydoDre,
1155,brianmlucas,
1156,MihaVrhunc,
1157,lesterarnoldpinto,
1158,logical_guy,
1159,kdagoulis26,
1160,VallejoDiego,
1161,mariamelkott,
1162,romanwatson,
1163,Tviktor212,
1164,harkap,
1165,johnnash-18420,
1166,davestroud-76036,
1167,link9933,
1168,burkholdermicah,
1169,jennifer_camp28,
1170,coxlchris,
1171,issrafeel,
1172,postofficecb,
1173,zeki-4,
1174,RobertCartland,
1175,oldguybc,
1176,tgdane,
1177,goggy turk,
1178,guyzradio,
1179,dicknerd,
1180,sebwalrusfr,
1181,milanbaros_948,
1182,highlander-22844,
1183,P97,
1184,ladysolo,
1185,poseyfan,
1186,exterminator_99,
1187,Gen S2rt,
1188,deepthinker566,
1189,wypfaehler,
1190,maurernh1,
1191,Asa_Nisi_Masa2,
1192,vlad_reven,
1193,FilmFlaneur,
1194,sellery,
1195,paulmartin177,
1196,LSigno,
1197,barkingechoacrosswaves,
1198,clanciai,
1199,AndreiPavlov,
1200,max-lisser,
1201,ThurstonHunger,
1202,born_naughty,
1203,xamitlu,
1204,davesawesomeinbox,
1205,interrealm,
1206,diac228,
1207,russb216,
1208,beastwarsfan,
1209,pag7589,
1210,mickeythechamp,
1211,medris,
1212,rugles2,
1213,TheUnknown837-1,
1214,scottca075,
1215,IceCream-57,
1216,ShiiStyle,
1217,hwm-05554,
1218,PCC0921,
1219,Picklelover-19091,
1220,murkyfish,
1221,tdao360,
1222,SeriousMoviesOnly,
1223,misanthr0pist,
1224,bshsfo,
1225,Funk Doctor,
1226,Maryam-Jabr,
1227,mikerudakov,
1228,powell-yendi,
1229,Deadpoet-4,
1230,Serge_Zehnder,
1231,will_butler,
1232,Brave Sir Robin,
1233,wobelix,
1234,Andy-296,
1235,cheeks2202,
1236,DdyBd_90,
1237,aprilsfriendorin,
1238,richardwworkman,
1239,Her-Excellency,
1240,gricey_sandgrounder,
1241,Yee_Reviews,
1242,grakky,
1243,ronan73,
1244,terrencepatrix,
1245,jkt2006,
1246,kaibo17,
1247,Neon_Gold,
1248,jeffreyhickman,
1249,sirjrcalvin,
1250,SkyWater8,
1251,mmyilmazyurt,
1252,alexart-1,
1253,eddie_baggins,
1254,vsdobbs,
1255,freddyatali,
1256,vamsipraneethdamarla,
1257,CineCritic2517,
1258,lennyfromamsterdam,
1259,lstonebridge,
1260,magadalwarmayur,
1261,Blue-Grotto,
1262,A_FORTY_SEVEN,
1263,Superunknovvn,
1264,samuellewis48,
1265,Apollo_11,
1266,saraheberkner,
1267,mstomaso,
1268,Matt_Layden,
1269,silly-lil-thing,
1270,sbg-6,
1271,baileycrawly,
1272,jdoan-4,
1273,davidals,
1274,KatMiss,
1275,cwelty1,
1276,marcelbenoitdeux,
1277,gaityr,
1278,ptone-93207,
1279,ags123,
1280,bankofmarquis,
1281,stephen_thanabalan_fans,
1282,Primtime,
1283,Det_McNulty,
1284,rupie,
1285,maureenmcqueen,
1286,MidniteRambler,
1287,iain_connell,
1288,mattloveless,
1289,nisitpav,
1290,DrunkenDeGroot,
1291,thejefflewis-92228,
1292,amostom,
1293,bleakeye,
1294,bonafide_hippie,
1295,rototwin,
1296,juniorbarra-58647,
1297,aboriginee,
1298,lareval,
1299,bayou_hannibal,
1300,jamie-109,
1301,Jouford,
1302,acdc_mp3,
1303,LeightWinst,
1304,stickman-6,
1305,Peres-2,
1306,210west,
1307,brendan_sutch,
1308,finithicdeoo,
1309,eddieknocker,
1310,akpiggott,
1311,ankitbbd,
1312,Aditya_Gokhale,
1313,TruPretender,
1314,imdb-5032,
1315,Joermungandir,
1316,lambiepie-2,
1317,ScaRface90,
1318,jhclues,
1319,tim_is_very_gay,
1320,scharnellm,
1321,ronnay_barkay,
1322,mrmoustache0420,
1323,brandonennals,
1324,zcpgjdps,
1325,datorsiers2,
1326,CharltonBoy,
1327,gough-84368,
1328,moviewizguy,
1329,Mr_Vai,
1330,doomedmac,
1331,Cain47,
1332,mmt02,
1333,Manthorpe,
1334,aaronjohn-caudill,
1335,tapioylinen,
1336,indraya,
1337,diamond-31,
1338,SuperMegaTont,
1339,lcwtq,
1340,x-xbecky_nashx-x,
1341,choco_taco,
1342,guiarRK,
1343,steve-bailey-1,
1344,colinrgeorge,
1345,notjulie,
1346,Erik_Stone,
1347,ken1848,
1348,gabbarsingh_ab,
1349,gftbiloxi,
1350,Spondonman,
1351,jmholmes-73727,
1352,purrlgurrl,
1353,The_Experiment_In_Terror,
1354,strong-122-478885,
1355,StevenKeys,
1356,imauter,
1357,craigaconnelly1,
1358,filmalamosa,
1359,a_baron,
1360,artoffilmorg,
1361,Ben_Cheshire,
1362,movieman9,
1363,bsmith5552,
1364,SendiTolver,
1365,frankwiener,
1366,randalgraves-26599,
1367,trickynicky72,
1368,obscure_reality,
1369,satyanshu_singh,
1370,die_Heuchler,
1371,mukesh-kumarin,
1372,kaustubh-2,
1373,shortyrags,
1374,TuFNuT,
1375,strawberryclouds,
1376,danzs,
1377,ssnadig,
1378,NikiYan,
1379,big_malique,
1380,camouflage_s,
1381,ThomasDrufke,
1382,aashrit-55265,
1383,lovermire,
1384,Talented_Mr_Fox,
1385,DrGerbil,
1386,brujay-1,
1387,alanbenfieldjr,
1388,ReelCheese,
1389,Peach-2,
1390,jamtin1,
1391,thomasgouldsbrough,
1392,FKDZ,
1393,AaronCapenBanner,
1394,guy-bellinger,
1395,daanyesyes,
1396,EThompsonUMD,
1397,Caliban-6,
1398,Systematicer,
1399,Quicksand,
1400,imdb-19548,
1401,elvircorhodzic,
1402,TheNabOwnzz,
1403,Oliver1984,
1404,jamesrupert2014,
1405,mokono,
1406,Scott-4,
1407,bigspeegs,
1408,alastair_m,
1409,mucronate,
1410,jilske,
1411,ztruk2001,
1412,juliankennedy23,
1413,MK_Movie_Reviews,
1414,hades35,
1415,Chris Do,
1416,Trattskalle,
1417,bobi_g,
1418,jjh6519,
1419,AnomyBC,
1420,krisrox,
1421,stensson,
1422,eerereps,
1423,tait_tait,
1424,jsrees,
1425,mrbarooee,
1426,Radu_A,
1427,hideous_stranger,
1428,VacantReview,
1429,ardalan-500-213678,
1430,wbeeman,
1431,CrisPat,
1432,vijayarya,
1433,cathalokane,
1434,SheldonChau,
1435,eveflower1970,
1436,james.king@optusnet.com.au,
1437,legend21,
1438,Lord_Borrington,
1439,The_Sun_Toucher,
1440,CGarcia-2,
1441,benyox2803,
1442,TimelessFlight,
1443,eagandersongil,
1444,elleglw,
1445,Cineanalyst,
1446,ilpohirvonen,
1447,gobosox,
1448,framptonhollis,
1449,yavkaconsult,
1450,dataconflossmoor,
1451,AphroditeVenus,
1452,PredragReviews,
1453,peterp-450-298716,
1454,Screen_Blitz,
1455,lostonthehighway,
1456,Mr-Fusion,
1457,theshadow908,
1458,Branz_Reviews,
1459,buzznzipp1995,
1460,ilikepuppies,
1461,HenryHextonEsq,
1462,jam5219,
1463,acmilan03c1,
1464,andrewroy-04316,
1465,elliexphant,
1466,EthanBJones_03,
1467,castricv,
1468,shan_seehar-1,
1469,mmr820,
1470,little_biker_girl,
1471,peelboy1000,
1472,mdixon,
1473,gottogorunning,
1474,Mister-6,
1475,jhaggardjr,
1476,saidl-99111,
1477,HBeachBabe,
1478,vincentdewilde,
1479,franklstein,
1480,CoopertheBeagle,
1481,dwpollar,
1482,Bernie4444,
1483,SafReviews,
1484,JAM-31,
1485,moman818,
1486,gelman@attglobal.net,
1487,livealittleday,
1488,Artless_Dodger,
1489,dggeorges_2000,
1490,pmtelefon,
1491,artineshraghi,
1492,gbill-74877,
1493,Hildebrando_Martins_Almeida,
1494,FZ-FX,
1495,coombsstephen,
1496,tyson-hunsaker,
1497,Analog_Devotee,
1498,BitPartMozart,
1499,ChrJahnsen,
1500,Ayatollah,
1501,mls4182,
1502,bill_b4,
1503,HarmanS-331,
1504,chomerly,
1505,rodpaterson,
1506,RavennaR-8,
1507,DuncanT-6,
1508,gjalt-erkelens,
1509,OwenSutton33,
1510,deetswerdna-23254,
1511,JamieN-159,
1512,southdavid,
1513,movieroguereviewer,
1514,sean-rae,
1515,bsbfpdj,
1516,ruthmoss,
1517,emailmrmatt,
1518,desfarrelllfc,
1519,mahsauk-74226,
1520,joclayton-35198,
1521,CinemaSerf,
1522,sbmp20,
1523,FrankieM-93,
1524,samduncan-52034,
1525,N-whymark,
1526,ignatz928,
1527,ACitizenCalledKane,
1528,Bockharn,
1529,cartman_1337,
1530,Igenlode Wordsmith,
1531,Birwin,
1532,F Gwynplaine MacIntyre,
1533,elicopperman,
1534,oOoBarracuda,
1535,aivilovee,
1536,dr-peter-coldwell,
1537,tgrafflin,
1538,gkdidaxi,
1539,diegosays,
1540,fredlumiere,
1541,Kiram04,
1542,Richard-Palace-248-37158,
1543,eelen-seth,
1544,thompson12001,
1545,jashminocha,
1546,GenoWashingline,
1547,fvj2199,
1548,Shiva-11,
1549,Keyser Soze-12,
1550,SpudMons,
1551,marty_666,
1552,willeniams,
1553,LivingDog,
1554,iKramerica-1,
1555,f-57307,
1556,animal-30,
1557,karolin-99263,
1558,abdulazizalsaad-73053,
1559,diegocoda,
1560,alexscott-35299,
1561,Al_The_Strange,
1562,hassanmy-03285,
1563,TheConnoisseurReviews,
1564,mr_iceman,
1565,tomsview,
1566,cricketbat,
1567,hermes-10,
1568,theantigaz,
1569,engelst,
1570,blubb06,
1571,pj_moorrees,
1572,Shc-Shc,
1573,WChewIII,
1574,SithApprentice,
1575,hdoug,
1576,Mark1988,
1577,AllieRubyStein,
1578,Altaira,
1579,kingoham5,
1580,sddavis63,
1581,AngelHonesty,
1582,Valdemort,
1583,hankhanks12345,
1584,daveisit,
1585,rstraatman,
1586,bondi,
1587,RNMorton,
1588,JUuttu,
1589,sallyshirla,
1590,blanche-2,
1591,Giuseppe Giuseppe,
1592,Buzz-17,
1593,Mr_PCM,
1594,kilgoretrout1944,
1595,kyra16,
1596,Bil-3,
1597,alexanderliljefors,
1598,gskrocks,
1599,umashankarpati1997,
1600,lykansdonnie,
1601,ridinbal,
1602,akbar-navid-151-165374,
1603,paulsmithson-192-243826,
1604,dineshprakash,
1605,sriramanadvocate,
1606,Bezdomnyi,
1607,faisalfaves,
1608,adityapaihy-724-884968,
1609,hassaanbukhary-40684,
1610,sarkar-64044,
1611,aashkaran2006,
1612,heartbeats123,
1613,carlvan1977,
1614,raffkc,
1615,Filmaholic_Khan,
1616,napierslogs,
1617,stednitzrules250,
1618,TheDeadMayTasteBad,
1619,slothhead54,
1620,czavaleta73,
1621,MovieGuy1990,
1622,Grjas,
1623,daruka456,
1624,albertoveronese,
1625,martindonovanitaly,
1626,BassLightyear,
1627,taylor_king-890-815491,
1628,Lotus-3,
1629,csm-78119,
1630,ColoDrz,
1631,ash-toole,
1632,TurtleReviews,
1633,Art Snob,
1634,rphshell,
1635,Top_Dawg_Critic,
1636,MarteParte,
1637,finebeanies,
1638,mhope-91601,
1639,chloedevoy,
1640,Bonobo13579,
1641,mark-217-307033,
1642,MrDHWong,
1643,PDean09,
1644,mohameddawoud-26019,
1645,shivamkanodia-94992,
1646,Adam_B123,
1647,Zayfi,
1648,leestoych,
1649,jjqqhnqhg,
1650,andy_c_les,
1651,wxqyaxr,
1652,show24studio,
1653,Beaucoul,
1654,gcsman,
1655,stanford-4,
1656,sme_no_densetsu,
1657,mianaliilyas786,
1658,buckboard,
1659,scottnyc,
1660,lastliberal,
1661,MorfenZ,
1662,PlutoZoo,
1663,arthuroliveira-65367,
1664,Sprite_Lee,
1665,fabiolpinheiro1993,
1666,gabriel-80,
1667,ZeddaZogenau,
1668,khaledabdelgalil,
1669,FilmNotesByDen,
1670,ShaanChaudhry,
1671,ultraultraru,
1672,Tweetienator,
1673,Elmoonthego,
1674,Shinra78,
1675,marshall_web,
1676,tenten76,
1677,streetsmarts101,
1678,daniel-johnston,
1679,supercity,
1680,Doylenf,
1681,DPG311,
1682,yeahindie,
1683,Paynebyname,
1684,LedeniChai,
1685,sophiebrooks-75145,
1686,master of the obvious,
1687,Pythonman,
1688,josiahliljequist,
1689,FrankBooth_DeLarge,
1690,STACorpus,
1691,stephie-12,
1692,RonellSowes,
1693,Filmjunkie-Idle,
1694,Leporinum,
1695,Dragoneyed363,
1696,Criticman12,
1697,iamyuno2,
1698,jluis1984,
1699,axopnk,
1700,funkyfry,
1701,Samoan Bob,
1702,donuthaters12,
1703,Pavel-8,
1704,Kamandi73,
1705,ssraider7,
1706,rebekahrox,
1707,DGMcCready,
1708,sebastianbrown-00139,
1709,guapo_andres,
1710,jenniferleroux,
1711,the_only_AshBash,
1712,olihist,
1713,ThorChristoffersen,
1714,Garcwrites,
1715,matwheatley,
1716,paulpearson00,
1717,clovenier-927-957545,
1718,murphycorrie,
1719,WhoKilledLauraPalmer,
1720,hvnlydevil,
1721,cliftonofun,
1722,markussia,
1723,quintonlowry-88702,
1724,mkr_bu50,
1725,TomC-5,
1726,MamadNobari97,
1727,lost-in-limbo,
1728,cinevox,
1729,energyzeezo,
1730,pinocchietto,
1731,silva-w-pius,
1732,gbrumburgh,
1733,claudette-crivelli,
1734,EijnarAmadeus,
1735,BratBoy-2,
1736,hsm2310,
1737,fntstcplnt,
1738,uscmd,
1739,pegbo,
1740,anton_abrahams,
1741,Nic-8,
1742,OllieSuave-007,
1743,leonardfranks,
1744,DSampson612,
1745,lamoreauxba,
1746,ymaikdfjjf,
1747,pacific-oconnor,
1748,richardstirling,
1749,toolfan-hess,
1750,mohnomachado,
1751,blake-91,
1752,Red_Blue_Green,
1753,sagar-swapna,
1754,jnj4,
1755,R4J4P,
1756,danielwcassidy,
1757,waltermwilliams,
1758,sinefilcinephile,
1759,bastille-852-731547,
1760,henry8-3,
1761,Jim_Screechy,
1762,historiafilms,
1763,uluogulcan,
1764,Beach412-1,
1765,studnie,
1766,sdkemmerling,
1767,jeroduptown,
1768,talking_tree,
1769,bobsgrock,
1770,MichaelMRamey,
1771,J. Spurlin,
1772,acetylcholinenjoyer,
1773,dg-op,
1774,rneil95,
1775,TheOtherFool,
1776,Zoopansick,
1777,kehoerobert,
1778,anita_delre,
1779,marcosaguado,
1780,emguy,
1781,gab-14712,
1782,1930s_Time_Machine,
1783,myronlearn,
1784,robfollower,
1785,cubertfilm-1,
1786,daedaluseticarus,
1787,Spirit-2,
1788,indianajonze,
1789,Joanna Kelly,
1790,peterwang-1,
1791,Readster,
1792,cine-11,
1793,Scott Stengrim,
1794,finding-something,
1795,pfgpowell-1,
1796,smakawhat,
1797,rbverhoef,
1798,Elendil87,
1799,O_L_D_B_O_Y,
1800,raistlin_lukas,
1801,Samiam3,
1802,fredrikgunerius,
1803,wandering-star,
1804,oakbymaple,
1805,Dwerzqiet,
1806,contronatura,
1807,famsmith,
1808,ray-280,
1809,Finfrosk86,
1810,G1enn,
1811,RogueXVI,
1812,optimism_always,
1813,DunnDeeDaGreat,
1814,bosimmons-44782,
1815,Josh_The_Third,
1816,Stibbert,
1817,fullbug,
1818,mcseph,
1819,Tolbard,
1820,Gafke,
1821,jmorrison-2,
1822,The_Wood,
1823,I_Ailurophile,
1824,ugothereur-548-496417,
1825,markusanti,
1826,allst,
1827,Degree7,
1828,Hey_Sweden,
1829,ProfRevDrFilmReligionHistory,
1830,Eric-Douglas-Statzer,
1831,jp71ph,
1832,Craig_McPherson,
1833,dumanbs-663-22864,
1834,lucasaq-1,
1835,fluffyrona,
1836,YJLcool,
1837,Potty-Man,
1838,will-vanduzer,
1839,FilmMuscle,
1840,gregsrants,
1841,dsa42,
1842,QD_Gun,
1843,lukescott-97055,
1844,eliangh,
1845,corrosion-2,
1846,paulclaassen,
1847,pucciarello,
1848,nihal-38544,
1849,lovefalloutkindagamer,
1850,alexglimbergwindh,
1851,Stoshie,
1852,DVR_Brale,
1853,Horror_Flick_Fanatic,
1854,DarkVulcan29,
1855,cruise01,
1856,thesar-2,
1857,radhrh,
1858,jeriahswillgdp,
1859,trimblair,
1860,sambitswain,
1861,emperorpasta,
1862,dommercaldi,
1863,C-rocodile,
1864,Brent_P,
1865,strangestlifeiveeverknown,
1866,gonthedon,
1867,sjanders-86430,
1868,Rooster99,
1869,davispittman,
1870,layla_silver7,
1871,mjw2305,
1872,atlasmb,
1873,llscotto-753-23615,
1874,Kaserynofthegyre,
1875,erostew,
1876,tjcbs,
1877,whstrock,
1878,Phil_Cookson,
1879,puutsi,
1880,stuttgart20111,
1881,JaneED,
1882,sjwest,
1883,j30bell,
1884,dante_leebo,
1885,mizhelenuk,
1886,dontslityourwrist_yet,
1887,allan-117,
1888,stob88,
1889,davidcapa,
1890,ThreeSpoons82,
1891,luckyfay,
1892,zetas-1,
1893,zgamer-1,
1894,brenttraft,
1895,johanloenn,
1896,williejk,
1897,dfranzen70,
1898,susan_may21,
1899,jonwoolfrey,
1900,Philippe-B,
1901,chicagoconsultant,
1902,farazahri_74,
1903,joppanLive,
1904,EEMargolin,
1905,kbowes-23399,
1906,whitetigah,
1907,surenm,
1908,soanim8ed,
1909,cornishogre-1,
1910,WritelySo,
1911,Andrea_R,
1912,jessup-86446,
1913,chiarasf,
1914,deegola,
1915,ngchiho,
1916,life_on_screen,
1917,JohnDeSando,
1918,scififan_uk,
1919,digadigado,
1920,yenlo,
1921,directortom,
1922,Cinemayo,
1923,sycul,
1924,AppleBlossom,
1925,godamndevil1977,
1926,lhseaglerunner,
1927,FreakingMovieFanatic,
1928,PizzicatoFishCrouch,
1929,soymilk,
1930,RightWingGuy,
1931,bookmanjunior,
1932,mcfly-31,
1933,twpain,
1934,MAYESY-44,
1935,moviemanMA,
1936,spikes_and_stripes560,
1937,EmTee72,
1938,Misss25,
1939,CyberJackhammer,
1940,tarapov-92-654064,
1941,evilmonkey226,
1942,arcticerika,
1943,mmehedihopuu,
1944,kaleem_091983,
1945,magdalena_,
1946,andymhancock,
1947,Martinito_08183,
1948,CubsandCulture,
1949,duppyrobert,
1950,c-bevan,
1951,dermotprendergast,
1952,manos-84557,
1953,carowatch,
1954,pere_tech,
1955,gauravleoheart,
1956,perky_,
1957,Harhaluulo54,
1958,InzyWimzy,
1959,Witchfinder-General-666,
1960,freemantle_uk,
1961,raoul-guariguata,
1962,Tera-Jones,
1963,Cheetah-6,
1964,dnights,
1965,ofurkusa,
1966,coop-16,
1967,mhs_njrotc2004,
1968,gethistr8,
1969,suegrayson,
1970,erinmerle,
1971,shneur,
1972,george.schmidt,
1973,rainking_es,
1974,Lamprey,
1975,zennokangae,
1976,burgan6203,
1977,KEVMC,
1978,brett-76260,
1979,bas-21,
1980,aquaman-7,
1981,chlisko,
1982,brefane,
1983,joel cohen,
1984,richardchatten,
1985,vitaleralphlouis,
1986,thehappychuckler,
1987,kaiaantoniou,
1988,marac-1,
1989,Sergiodave,
1990,tlcglitznglam,
1991,Croc320475,
1992,jc020899,
1993,shmishe,
1994,HyperSpeed98,
1995,IvanP-172,
1996,pa-88740,
1997,stanislawkomorowski,
1998,AbhinavK-23,
1999,elsadjuralskare,
2000,DylanR-9924,
2001,doharajallah,
2002,Zaeden-3,
2003,mohantiwari-31347,
2004,LeonardoOliva69,
2005,rafiislamho,
2006,MogMovie,
2007,EhsanE-46,
2008,MarleyW-3,
2009,JackCastr0,
2010,KCW11,
2011,ardiwalker,
2012,Shivesh-4,
2013,darryl_hj,
2014,dvkatzprod-74759,
2015,Chuck-149,
2016,marissas75,
2017,MattB-5,
2018,dlynch843,
2019,athanasiosze,
2020,julibufa,
2021,billion_mucks,
2022,bicgus1,
2023,jpschapira,
2024,tjdinvt,
2025,sanarg,
2026,casch0101,
2027,monty_lnct,
2028,somkaviraj,
2029,drgrozozo,
2030,FilmRap,
2031,bahadir_sarsilmaz,
2032,dimuthu44,
2033,Kdosda_Hegen,
2034,inkel,
2035,paskuniag-584-890551,
2036,IshtiaqAhmed,
2037,Turanic,
2038,jamesjustice-92,
2039,Alexis_Ray,
2040,angel_de_tourvel,
2041,dhable,
2042,mikazuki,
2043,trekhyon5,
2044,nanturn,
2045,Nitestik,
2046,brando647,
2047,Quag7,
2048,jedidp,
2049,s-dewitt,
2050,crisp_morning_2004,
2051,bylwen,
2052,vbcvd,
2053,Popcorn-28,
2054,Alby-6,
2055,Lumpenprole,
2056,sv-56457,
2057,stroggos,
2058,rmax304823,
2059,Tweekums,
2060,diagonals80,
2061,RanchoTuVu,
2062,president-18,
2063,saikatsamanta,
2064,MostafaOmara,
2065,fembot1005,
2066,Oleg Sidorenko,
2067,Peegee-3,
2068,nturner,
2069,delphine090,
2070,diand_,
2071,Travis_Bickle01,
2072,erginero,
2073,DOMENICO_SOLDANI,
2074,Ichuta,
2075,Patrik E,
2076,yris2002,
2077,adn29,
2078,Granoturko,
2079,dierregi,
2080,convenientfiction,
2081,benxrichardson,
2082,beschuitfluiter,
2083,Sicaa369,
2084,atzimo,
2085,BrunoRatesTheMovies,
2086,barcmeister4958,
2087,saint_barbie,
2088,divinethomas,
2089,GreenPlastikMan,
2090,juan-davis,
2091,Papppy,
2092,elliotsillander,
2093,rosscinema,
2094,camcmahon,
2095,Shawouni,
2096,Stampsfightclub,
2097,mercuryadonis,
2098,tuna-567,
2099,andyh-78587,
2100,ylings,
2101,james-calver,
2102,gloriesalbuainain,
2103,Animany94,
2104,SquigglyCrunch,
2105,MuviFan73,
2106,Heinzwill,
2107,alexwebb32,
2108,acohen090,
2109,Aang1,
2110,OliverGinger,
2111,Giacomo_De_Bello,
2112,apararas,
2113,crimson_knight_7,
2114,CarmellaSoprano,
2115,mohan59,
2116,Barky44,
2117,lucidshard,
2118,omophagia-2,
2119,MaderR,
2120,newt2small,
2121,sheslovinit,
2122,stephen-1050,
2123,Will-34,
2124,ayrhead,
2125,Kingslaay,
2126,ICanNeverThinkOfAGoodUsername,
2127,FallonTimberlake2016,
2128,GODZILLA_Alpha_Predator,
2129,rubenm,
2130,chiaragiacobelli,
2131,JoshuaMooreBE,
2132,tedd0093,
2133,biswas-arnab,
2134,gradyharp,
2135,Darth_Osmosis,
2136,film-critic,
2137,alibrahim1,
2138,estebangonzalez10,
2139,artzau,
2140,rooprect,
2141,carlos-e-mora,
2142,mss-02529,
2143,Quizzical-Panda,
2144,marciatomka,
2145,CMTiago,
2146,fred-kolb,
2147,blissfulmitch,
2148,connie-baldini-427-561037,
2149,roghache,
2150,anthonydapiii,
2151,chic1224,
2152,BlueRoseNya,
2153,jchckid,
2154,imseeg,
2155,natalia1818,
2156,okcbaskeball2,
2157,cjblume,
2158,Haplo-4,
2159,calspers,
2160,bat-5,
2161,Wormtongue1,
2162,gcaplan,
2163,melindaparkes,
2164,Umar Mansoor Bajwa,
2165,theycallmemrglass,
2166,yugteng,
2167,hjpog,
2168,faaiisal-50256,
2169,cchip96,
2170,ephoratus,
2171,TourettesPersonal,
2172,kjm92,
2173,esrateva-28424,
2174,steviegjd,
2175,kaleighpanda,
2176,heyitscami,
2177,arafatchito,
2178,lucasrptj,
2179,TheVictoriousV,
2180,pedroquintaoo,
2181,jrgdavieswalter,
2182,Katiegoldberg,
2183,rebeccagruber,
2184,UnbiasedAnonymous,
2185,craigmills-02167,
2186,Saro_Mail,
2187,lindsayann-23935,
2188,GordonShumway86,
2189,Anon900,
2190,Obeid_Allah_Mohmmed,
2191,FireJach,
2192,buckeyes-05926,
2193,RussHog,
2194,squabbish-36922,
2195,Sabaher,
2196,KimotoCat,
2197,Captain_Couth,
2198,nod1111rog,
2199,DennisLittrell,
2200,Ripley_08,
2201,eichler2,
2202,FilmbuffMick,
2203,a-ja,
2204,alan-467,
2205,SimonJack,
2206,galahad58,
2207,tomcatrs,
2208,ohsofany,
2209,mila61,
2210,LydiaOLydia,
2211,vincerodriguez447,
2212,slowpulse,
2213,hotrodrv,
2214,Rob1331,
2215,Supermanfan-13,
2216,Eiriksterminator,
2217,Abhishek97,
2218,hubaa,
2219,cjonesas,
2220,chewywater-707-400701,
2221,danielcereto,
2222,bellab1972,
2223,johnh22,
2224,dan-54016,
2225,mjmirando,
2226,rasoolarjmandi,
2227,KOOLAIDBRO,
2228,oscarjneklund,
2229,inkfxlee,
2230,mashpatatas,
2231,yurilevchuk,
2232,stefangabriel-49710,
2233,xcheck_Trump_Won,
2234,MLVC4E,
2235,crimeagainstcreation,
2236,dtstacey,
2237,zbwtr,
2238,davismfg-75480,
2239,DiesIraeComing,
2240,Skipfishh,
2241,AbrahamSpencerCohle,
2242,chrisdmeads,
2243,dont-like-you,
2244,chrsko-90124,
2245,Skanama,
2246,captainmanic,
2247,MaxKalba69,
2248,drakeking1,
2249,meruby,
2250,ezlidblue-1,
2251,tkwh,
2252,larryg5,
2253,lavatch,
2254,jp_rental,
2255,brchthethird,
2256,sydmwswy,
2257,LDB_Movies,
2258,DukeEman,
2259,adhil-67126,
2260,bartonj2410,
2261,freshclean-66-318608,
2262,job-matt,
2263,Vladimir-14,
2264,gregorysmith-82520,
2265,donprosseractor,
2266,autisticreviewers,
2267,ihanson7,
2268,DthepYEK,
2269,AfricanBro,
2270,Imaculata,
2271,Scramtrix2548,
2272,isaacsuttle,
2273,confrank,
2274,stephendaxter,
2275,motrous,
2276,psgorio,
2277,mattdjoyce,
2278,Borracho_Porrero,
2279,punishable-by-death,
2280,sukhmanjitcheema,
2281,leotfoster,
2282,tannerbrown-97210,
2283,michaelsharples96,
2284,dogyorky,
2285,phil-79572,
2286,Peter_Young,
2287,g-bodyl,
2288,blue-7,
2289,ruby_fff,
2290,MollieEternity,
2291,piapia,
2292,Tony-Kiss-Castillo,
2293,spacedisaster,
2294,LeRoyMarko,
2295,emilato,
2296,adam3000,
2297,azrailangelo,
2298,Dime,
2299,pvenktesh2001,
2300,valky,
2301,Artêmis,
2302,waltergl,
2303,GavAnderson,
2304,MrSharma,
2305,solitaryman2,
2306,filmman1_,
2307,njboden,
2308,CihanVercan,
2309,JVe5462530,
2310,gochev69,
2311,hokeybutt,
2312,jmjolnir,
2313,ww_sketcher,
2314,billf7,
2315,ghostofdaniel,
2316,Spectravideo,
2317,marka_dogg,
2318,EarthwormJimFan,
2319,jefferythoke,
2320,CanadianBear,
2321,Ididntshootthedeputy,
2322,LaserBears,
2323,rudeboy_murray,
2324,Jeremy Bristol,
2325,WeAreLive,
2326,Munster2000,
2327,robcat2075,
2328,ACollegeStudent,
2329,stalcup,
2330,superfan18,
2331,GSmith9072,
2332,willden21,
2333,steverino171,
2334,mstramba,
2335,Tripper27,
2336,ashowen,
2337,PoisonKeyblade,
2338,tubby1,
2339,movielover_gator,
2340,rcbbo,
2341,silverred999,
2342,ethlaid,
2343,willkoofus,
2344,woljm45,
2345,bill2594,
2346,CinemaAddict,
2347,scottedwards007,
2348,Len9876,
2349,bradenmueller,
2350,Simon_Says_Movies,
2351,moritzherz,
2352,olofsson501,
2353,machngunjoe,
2354,TruthSeeker82,
2355,BackFire83,
2356,thamanidelgardo-822-410218,
2357,hal9341,
2358,FairlyAnonymous,
2359,tigerfish50,
2360,parallel_projection,
2361,gsygsy,
2362,carrot99,
2363,mr_bickle_the_pickle,
2364,jlbest-830-894807,
2365,MihaiSorinToma,
2366,tavm,
2367,xcal321,
2368,jan_kalina,
2369,edgereviews,
2370,lastliberal-853-253708,
2371,bob-the-movie-man,
2372,runamokprods,
2373,Figgy66-915-598470,
2374,skepticskeptical,
2375,Hobbsbert13,
2376,suws1,
2377,AKS-6,
2378,whitecatus88,
2379,guycorhuo,
2380,hagfish,
2381,wiseman-4,
2382,Kazombie,
2383,yonghow,
2384,TartanScorsese,
2385,slappytheclown,
2386,Fpi,
2387,olafra,
2388,nihilistdude2000,
2389,judealexharnett,
2390,Ric6,
2391,ivanmessimilos,
2392,magicrevolver,
2393,pkertes-59666,
2394,whpratt1,
2395,naosGRL,
2396,plovell2,
2397,Nestorio_Miklos,
2398,wayanpyott,
2399,Dnld_Trevn,
2400,trihouzinho,
2401,cdjh-81125,
2402,laurar-09,
2403,panosvoulg,
2404,marioalvarezpineda,
2405,Foxx14,
2406,spiderman-81643,
2407,unicornlover-37754,
2408,Hakihiko,
2409,imdbfan-6390770609,
2410,The_Grombler,
2411,Mysterygeneration,
2412,JhudU,
2413,Jackson_Jarvis,
2414,Dannyboi94,
2415,imxnoobx,
2416,wonderwomansbatman,
2417,AnActorExplains,
2418,wolcottalexander,
2419,dasdemirovdursun,
2420,gburrows711,
2421,dglink,
2422,joshuami,
2423,wouterdrummen,
2424,cezariovdiogenes,
2425,gmoutsgr,
2426,peterfaure,
2427,ahill-1,
2428,sati_84,
2429,Howlin Wolf,
2430,theinaniloquent,
2431,astutekitty,
2432,drwenner,
2433,lisaculbertson,
2434,ManyGentleCuttlefish,
2435,the_holc,
2436,action4jackson,
2437,WordtwisterMN,
2438,manisimmati,
2439,bgar-80932,
2440,kingdoz,
2441,bowmanblue,
2442,Megk92,
2443,avik-basu1889,
2444,mar00481,
2445,toppin,
2446,mariontalavera8,
2447,trublu215,
2448,johnny-burgundy,
2449,jonsturdivant,
2450,4170123W,
2451,lucy_andrews-04052,
2452,nevermind54,
2453,ars29792,
2454,Super_Bob1,
2455,blott2319-1,
2456,fairlesssam,
2457,zkonedog,
2458,Amthermandes,
2459,bsideleau-62176,
2460,andymac-46665,
2461,JakeRfilmfreak,
2462,martimusross,
2463,cinemabuff,
2464,batterfly-65157,
2465,andrewdyer1,
2466,agm_tcr,
2467,g_cotterell,
2468,mohdshafiulhaque,
2469,JimShops-1,
2470,Kikisaurus,
2471,bobbsaunders,
2472,jespor,
2473,kjproulx,
2474,Keemer44,
2475,xbushi,
2476,kirankumarfrank,
2477,FilmFlowCritics,
2478,sheldonwiduch,
2479,alexouns,
2480,michelerealini,
2481,jcanettis,
2482,jmalby,
2483,svj-69343,
2484,teresa_rosado,
2485,zalshwka,
2486,scottbeaudette,
2487,TOMASBBloodhound,
2488,rovshan-g5,
2489,ahegde3149,
2490,patrickfile,
2491,twilliams76,
2492,romanvartanov2014,
2493,nicholasruddick,
2494,sugarfreepeppermint,
2495,z-moses-z,
2496,eusad,
2497,WilliamCKH,
2498,abisio,
2499,MdPField,
2500,lukelandry1,
2501,didi-5,
2502,PhilipJames1980,
2503,Jared G.,
2504,faithnomore41291,
2505,ga_cum197,
2506,Andreas-S,
2507,ctrout,
2508,ffinixs,
2509,SMK-4,
2510,llltdesq,
2511,uhu,
2512,Nich-merry,
2513,Polaris_DiB,
2514,Damfino1895,
2515,sean-ramsden,
2516,bigsleepj,
2517,Taz750,
2518,samarlocrossley,
2519,JimDenney,
2520,chera_khalid,
2521,elf67,
2522,dkncd,
2523,haqan38,
2524,leo-c,
2525,mindblitz,
2526,muharremkenger,
2527,bkubena,
2528,wardcullum@yahoo.com,
2529,karlssonfredrik,
2530,badkiberwolf,
2531,ercumentsever,
2532,Der_Blaue_Reiter,
2533,ST977,
2534,SAMTHEBESTEST,
2535,GioPM,
2536,MatthewInSydney,
2537,asphodelfilms,
2538,GregFisher7,
2539,ori_64,
2540,Likes_Ninjas90,
2541,invisibleunicornninja,
2542,foesnotfriends,
2543,u-32187,
2544,TheBlueReptile,
2545,oecobius,
2546,hyder_sagg2003,
2547,d-b_tas-1,
2548,jvframe,
2549,StrayButlerReturns,
2550,anthonyjlangford,
2551,pauleskridge,
2552,yawn-2,
2553,mikeand1-1,
2554,Danherb,
2555,ofumalow,
2556,omoo22,
2557,kevandeb,
2558,vaneyck,
2559,ChiBron,
2560,nakuldev,
2561,jothishprabu-35785,
2562,barleeku,
2563,Mick-81,
2564,Stu-42,
2565,lasttimeisaw,
2566,theowinthrop,
2567,sonofcohen,
2568,vovazhd,
2569,braddugg,
2570,marcslope,
2571,willcundallreview,
2572,spdowling,
2573,mbhgkmsgg,
2574,gettodamoofies,
2575,artgutierrez,
2576,jcardella1,
2577,BoilerYor,
2578,templar77099,
2579,AshleyO-699,
2580,crumpler,
2581,colm-hearne365,
2582,forsaken999,
2583,TheSixthChild,
2584,josephellis,
2585,Obi-Wan Wilson,
2586,lilt13098,
2587,silverketchup,
2588,dcshanno,
2589,marcrice,
2590,b_u_n_44,
2591,jkwrite-33900,
2592,utgard14,
2593,D0M1N4T1NG,
2594,lukesaner,
2595,A_Llama_Drama,
2596,sarahelizabethparker,
2597,SyoKennex,
2598,austin0731,
2599,jaysanchu07,
2600,vincentkatie,
2601,solahuddeen,
2602,austinlsweeney,
2603,itsshou,
2604,superaryanharsha,
2605,eric-lovelock,
2606,rising_star-42,
2607,Brad2002,
2608,eak-1,
2609,DanLawson146,
2610,sajugopz,
2611,royu,
2612,crazy_caz,
2613,connork97,
2614,museumofdave,
2615,stuartpiles,
2616,lenndogg,
2617,ASuiGeneris,
2618,Jennydavis131,
2619,malvernp,
2620,perfectbond,
2621,JoBloTheMovieCritic,
2622,cleonahing,
2623,mahadevrocks,
2624,Logicune,
2625,magnifiedcurse,
2626,MylesC-4,
2627,Gregory_,
2628,JohnathanE-41,
2629,Jest0n,
2630,RaynTa,
2631,nocturnemonarch,
2632,Jelisei,
2633,xnicofingerx,
2634,HugoM-504,
2635,KFL,
2636,Farzad-Doosti,
2637,EUyeshima,
2638,GyatsoLa,
2639,spqrclaudius,
2640,Cheesedemon28,
2641,Stroheim-3,
2642,bobbie-16,
2643,madbeast,
2644,Slime-3,
2645,aakostar,
2646,Koyama22,
2647,neonadventure,
2648,mel_protoss,
2649,Atlaz,
2650,patricolomatteo,
2651,Bogey Man,
2652,Mat the masta,
2653,hard2xplain,
2654,indiefilmmakerawards,
2655,m-abtahi,
2656,aleksandarsarkic,
2657,Christov013,
2658,Sadelovesmovies,
2659,cafeconbacardii,
2660,remko_theking,
2661,mehadialamsajib,
2662,0w0,
2663,brendandevere,
2664,miriam-seraia,
2665,trevorj-67694,
2666,boatsfra,
2667,PrashunChakraborty,
2668,gmanandge-99575,
2669,mrshev,
2670,lord_ashour,
2671,m-91886,
2672,sunraider,
2673,Akundu1998,
2674,ExpendableMan,
2675,Kubris,
2676,PeachesIR,
2677,Route 66,
2678,djbeardpaperclip,
2679,Vic_max,
2680,rdonald-2,
2681,iam-1,
2682,jonr-3,
2683,SanTropez_Couch,
2684,Vincentiu,
2685,sol-kay,
2686,ian_harris,
2687,nqure,
2688,Thanos_Alfie,
2689,VictorFrankenstein,
2690,fred3f,
2691,duffjerroldorg,
2692,DB-55,
2693,The_Shawshank_Inception,
2694,k-57285-16523,
2695,Abi C,
2696,jmbwithcats,
2697,dvdmm,
2698,Calysta,
2699,jlmeyers-1,
2700,arataman-139,
2701,AAdaSC,
2702,Gypsy-11,
2703,catalyst-7,
2704,axlrhodes,
2705,joseph-brak,
2706,Ned_And_Shall_Luvz_Filmzsh,
2707,behamut,
2708,audrey_jean,
2709,DaRick89,
2710,CrazyArty,
2711,PeachHamBeach,
2712,hatsunemiku-27340,
2713,indeevar,
2714,harishnj,
2715,VasuGS,
2716,mehta-1010,
2717,TreeFiddy53,
2718,joyalbrightt,
2719,shanthu-99156,
2720,as-02105,
2721,harineem-209-525488,
2722,samxxxul,
2723,radiantfractal,
2724,Ujwal_B,
2725,appusnikhil,
2726,patraayushman,
2727,vedantchoudhary,
2728,jotheeswaran,
2729,RealDonnieBrasco,
2730,arjuntr-77986,
2731,Vishnu-The_Film_Alchemist,
2732,RanjeetV-9,
2733,Santhosh_2002,
2734,rosheenkan,
2735,ashishpalatown,
2736,ezhilan-79941,
2737,m-ramanan,
2738,ajaynkumar,
2739,akshatmahajan,
2740,hXz0r3,
2741,shonalikukreja,
2742,ketgup83,
2743,mohamedshakir-03491,
2744,xscenex,
2745,kishorkure,
2746,nidhunmoviebuff,
2747,arunkumarak-87395,
2748,WorldMovie99,
2749,peanutthegreat,
2750,ryansrusso,
2751,bthomasjr,
2752,tim-764-291856,
2753,GMJames,
2754,sashank_kini-1,
2755,byoolives,
2756,ss5921,
2757,smthrk,
2758,jackboot,
2759,1969VIETNAM,
2760,mws3d,
2761,wmoores,
2762,cleaf,
2763,rlycar,
2764,rmassey21,
2765,Ash-37,
2766,woo-movies,
2767,trashgang,
2768,terencebells,
2769,giuseppes29,
2770,innocuous,
2771,yoescribo88,
2772,ivko,
2773,johnnyb-16,
2774,its_a_mee_mario,
2775,freidap,
2776,Bob Pr.,
2777,citizen_conn,
2778,FreddyShoop,
2779,senocardeira,
2780,sm22281-1,
2781,Spuzzlightyear,
2782,basrutten,
2783,ThePedofinderGeneral,
2784,evansjoshyr,
2785,Mr Parker,
2786,3L3CTR0,
2787,TensersFloatingDisk,
2788,chandean-69762,
2789,Guga3D,
2790,abominablelavaman,
2791,john-1360,
2792,imdmt,
2793,alexei-george,
2794,mulandarkside,
2795,Darkside-Reviewer,
2796,thenitdkupfer,
2797,fredf-67149,
2798,Rendanlovell,
2799,maria_c54,
2800,surfer-lancealot,
2801,bobnsri,
2802,pchk-629-36011,
2803,p-seed-889-188469,
2804,nainwal,
2805,pensacolacomputer,
2806,ankurin,
2807,whateveer,
2808,gangaspecial,
2809,cstschnarr,
2810,joemiller499,
2811,johnmbale,
2812,slowcando,
2813,Ladysnowbloodkeje,
2814,theognis2,
2815,Proud_Canadian,
2816,anhedonia,
2817,larajane,
2818,Julia-Gefter,
2819,celicaricky,
2820,Bambikilled,
2821,RickyThind,
2822,hrdefender,
2823,mcdublin,
2824,RosalindChick,
2825,doug1984,
2826,davidjparris,
2827,tomgillespie2002,
2828,asifahsankhan,
2829,Lt_Coffey_182,
2830,brown301,
2831,Jeff0611,
2832,Blondo,
2833,knersisman,
2834,gregorycanfield,
2835,stephenneale67,
2836,clydestuff,
2837,pheonix19,
2838,Collins,
2839,rocknroll8484,
2840,agro_sydney,
2841,somesunnyday,
2842,pete-546,
2843,de_niro_98,
2844,kylekool150,
2845,Mcduff3601,
2846,dpenny,
2847,Figaro-6,
2848,Wizard-8,
2849,p.greenwood,
2850,cactusdave,
2851,lei wulong,
2852,youarenotgoliath,
2853,Rectangular_businessman,
2854,kreidler,
2855,BabelAlexandria,
2856,Zooha-47207,
2857,robertjenkins456,
2858,simonedwards_1,
2859,bm2759,
2860,rob-armstrong-913-212512,
2861,joechang-1,
2862,tj_seabrook,
2863,RichardvonLust,
2864,insessionfilm,
2865,Winduct,
2866,ishan_vadera,
2867,mgd_m,
2868,JackCerf,
2869,bigticket-36199,
2870,robb_772,
2871,lewiskendell,
2872,terry51,
2873,movielist-55455,
2874,slavi_sofia,
2875,jace_the_film_guy,
2876,yummyballerina,
2877,Jason-228,
2878,AmericanHistoryEX,
2879,thegreenbiker,
2880,view_and_review,
2881,hamsun,
2882,TheOneThatYouWanted,
2883,joncarrollAttorney,
2884,Sigmund,
2885,mbouchagour,
2886,ryzzard,
2887,osteodude,
2888,drjgardner,
2889,FilmSnobby,
2890,Codcohen,
2891,christopher-underwood,
2892,pecci,
2893,elision10,
2894,BJGarbero,
2895,deg-12,
2896,ydurgut,
2897,snoopx,
2898,ligertigon26,
2899,matrixus-1,
2900,ethernaldreams,
2901,bane_13,
2902,delasalsa,
2903,Yolas,
2904,princebansal1982,
2905,SinanCanan,
2906,curreir,
2907,onel,
2908,irosh_cal,
2909,mehmetyaci-1,
2910,dr_mleysi,
2911,milesdrawmer,
2912,SrTintim,
2913,GulyJimson,
2914,looneyfarm,
2915,edantes2000,
2916,judokid,
2917,zeph-3,
2918,Wistfull,
2919,donob,
2920,peangel,
2921,MarqKC,
2922,sdl-2,
2923,pere-25366,
2924,Reverend3000,
2925,Thomas-Musings,
2926,HorrorG-50,
2927,chris_rowe-881-168820,
2928,JK-WhatsUpWeirdoPodcast,
2929,somf,
2930,Camerenth,
2931,Allnoir_ovthings,
2932,marselleandres,
2933,slightlymad22,
2934,peter0969,
2935,movies_are_life_,
2936,jwcstorage,
2937,JacobJ81,
2938,Niklyor,
2939,amrizzle,
2940,etismyname-09318,
2941,Stijak91,
2942,BrendanMichaels,
2943,Anaslair,
2944,videorama-759-859391,
2945,hackrish-32663,
2946,dw35,
2947,jeffrymiranda-25858,
2948,paul_a_salt,
2949,Siddhartha14,
2950,JakeBrinkman,
2951,kiosilveira,
2952,cchase,
2953,Andrea-Orsini-1,
2954,kirkintha26,
2955,dead47548,
2956,Putzberger,
2957,aidaneccleston,
2958,malikroberts16,
2959,M-DAWG,
2960,MichaelMargetis,
2961,requiem1896,
2962,zester3,
2963,Sajin_Saj,
2964,pranayjalvi,
2965,RatedByGautham,
2966,moviemonkreviews,
2967,kishan_thachatt,
2968,megaelecs,
2969,pkroy-98925,
2970,yaseenyazzie,
2971,Chetan-Agadi,
2972,skmenon1993,
2973,kashwin,
2974,josephsamual,
2975,vibilraj,
2976,SAJINCHANDRAN,
2977,JinsM-9,
2978,arfasavp,
2979,Vidya-08,
2980,loyolite,
2981,Kingmaker_6,
2982,manishnair-44565,
